{
    "accuracy": 78.51,
    "precision-scores": [
        [
            0.40474,
            0.64608,
            0.79107,
            0.80405,
            0.76132,
            0.86921,
            0.73544,
            0.95638,
            0.98891,
            0.75071,
            0.90803
        ]
    ],
    "recall-scores": [
        [
            0.38135,
            0.70099,
            0.90614,
            0.81315,
            0.7377,
            0.78715,
            0.74045,
            0.97833,
            0.98324,
            0.68322,
            0.91995
        ]
    ],
    "f1-scores": [
        [
            0.3927,
            0.67242,
            0.8447,
            0.80857,
            0.74932,
            0.82615,
            0.73794,
            0.96723,
            0.98607,
            0.71538,
            0.91395
        ]
    ]
}