{
    "hyperparameters": {
        "learning-rate": [
            0.001
        ],
        "model-name": "58c55ef96ec7",
        "dataset-name": "58c55ef96ec7",
        "test-size": 0.05,
        "optimizer": "Adam",
        "loss-function": "NLLLoss",
        "epochs": 18,
        "batch-size": 512,
        "init-learning-rate": 0.001,
        "cnn-parameters": [
            1,
            3,
            [
                64
            ]
        ],
        "hidden-size": 200,
        "rnn-layers": 2,
        "lr-schedule": [
            0.001,
            0.95,
            200
        ],
        "dropout-chance": 0.2,
        "embedding-size": 200,
        "augmentation": 0.2,
        "resume": false
    },
    "results": {
        "train-accuracy": [
            62.676136428254615,
            84.98902523627018,
            93.946820730362,
            94.95047140306384,
            95.40481524866654,
            96.22877548931524,
            96.43917251418759,
            96.58246994734388,
            96.74055203630202,
            96.79684745647056,
            96.89977140647568,
            96.9486744987433,
            96.99587166918764,
            97.05671621421828,
            97.09595241615393,
            97.10675658770144,
            97.14997327389143,
            97.14769871146038
        ],
        "train-loss": [
            0.6149028256362261,
            0.35092213702236497,
            0.17504931592144246,
            0.1485731306290904,
            0.13467693218398233,
            0.11268675667342058,
            0.10709393012532314,
            0.10242972215420978,
            0.09817237200128824,
            0.09658575794377992,
            0.09370766498884836,
            0.0915527631052185,
            0.08959741149704124,
            0.08880307256828907,
            0.08706058717744294,
            0.08658589338233998,
            0.08487717998972119,
            0.08477536597570708
        ],
        "validation-accuracy": [
            53.2651,
            92.98874,
            93.13204,
            95.13818,
            95.43501,
            95.45548,
            95.73183,
            95.74207,
            95.85466,
            95.98772,
            96.00819,
            95.94678,
            96.05937,
            96.02866,
            95.97748,
            96.2436,
            96.12078,
            96.28454
        ],
        "validation-loss": [
            0.6928073287010192,
            0.20777824148535728,
            0.1849855974316597,
            0.13952774815261365,
            0.14392285756766796,
            0.1313618221320212,
            0.12339919358491898,
            0.14205952249467374,
            0.1228740755468607,
            0.1179194439202547,
            0.12842957340180874,
            0.12476595267653465,
            0.11962265074253083,
            0.11626562904566526,
            0.11330659100785852,
            0.11480498611927033,
            0.1161048199981451,
            0.10978687219321728
        ]
    }
}