{
    "hyperparameters": {
        "learning-rate": [
            0.001
        ],
        "model-name": "dfc2ac6ef55f",
        "dataset-name": "dfc2ac6ef55f",
        "test-size": 0.05,
        "optimizer": "Adam",
        "loss-function": "NLLLoss",
        "epochs": 18,
        "batch-size": 512,
        "init-learning-rate": 0.001,
        "cnn-parameters": [
            1,
            3,
            [
                64
            ]
        ],
        "hidden-size": 200,
        "rnn-layers": 2,
        "lr-schedule": [
            0.001,
            0.95,
            200
        ],
        "dropout-chance": 0.2,
        "embedding-size": 200,
        "augmentation": 0.2,
        "resume": false
    },
    "results": {
        "train-accuracy": [
            82.166861899942,
            91.19232562635763,
            92.0384628507091,
            92.54000386675614,
            93.08646749081645,
            94.26696539253261,
            94.58654141409546,
            94.77021233040294,
            94.86858715554595,
            94.98458983952962,
            95.0619249621854,
            95.18133948981564,
            95.23934083180748,
            95.34340206302812,
            95.37695185888614,
            95.41675670142956,
            95.51228832353375,
            95.511719682926
        ],
        "train-loss": [
            0.3947777880225764,
            0.24071890990747963,
            0.222524460361794,
            0.2067397987513348,
            0.19557579879670642,
            0.1634725211837957,
            0.15664427378756363,
            0.15013562225151894,
            0.14720646006076835,
            0.14449338749224364,
            0.1414869378948974,
            0.13940873614317456,
            0.1372131844765918,
            0.13520590005832356,
            0.13389274289528297,
            0.13345407107628363,
            0.13080915392831313,
            0.13042705525579149
        ],
        "validation-accuracy": [
            90.33777,
            90.18424,
            92.08802,
            92.38485,
            92.55885,
            92.32344,
            92.95803,
            92.93756,
            93.18321,
            93.10133,
            92.93756,
            93.27533,
            93.35722,
            93.28557,
            93.1218,
            93.31627,
            93.40839,
            93.45957
        ],
        "validation-loss": [
            0.26044627130031583,
            0.2510620839893818,
            0.21825934201478958,
            0.20755123645067214,
            0.19982618987560272,
            0.2122388795018196,
            0.2002778433263302,
            0.19611258804798126,
            0.19034870490431785,
            0.1888314589858055,
            0.1882961593568325,
            0.18079839497804642,
            0.1945197179913521,
            0.1819498773664236,
            0.1878427155315876,
            0.18459521532058715,
            0.18432242870330812,
            0.18184095546603202
        ]
    }
}