{
    "accuracy": 74.99,
    "precision-scores": [
        [
            0.36707,
            0.83376,
            0.75889,
            0.6412,
            0.79855,
            0.45995,
            0.70518,
            0.92881,
            0.94288,
            0.89543,
            0.77127,
            0.83323,
            0.91462,
            0.69721,
            0.32094,
            0.93804,
            0.70131,
            0.82266,
            0.73316,
            0.77938
        ]
    ],
    "recall-scores": [
        [
            0.37027,
            0.74202,
            0.87621,
            0.68428,
            0.78559,
            0.37891,
            0.6915,
            0.94768,
            0.95234,
            0.94977,
            0.93293,
            0.78988,
            0.92743,
            0.73524,
            0.24303,
            0.9776,
            0.67293,
            0.91383,
            0.63855,
            0.81792
        ]
    ],
    "f1-scores": [
        [
            0.36866,
            0.78522,
            0.81334,
            0.66204,
            0.79202,
            0.41552,
            0.69827,
            0.93815,
            0.94759,
            0.9218,
            0.84443,
            0.81098,
            0.92098,
            0.71572,
            0.2766,
            0.95741,
            0.68683,
            0.86585,
            0.68259,
            0.79819
        ]
    ]
}