{
    "accuracy": 98.55,
    "precision-scores": [
        [
            0.98683,
            0.98427
        ]
    ],
    "recall-scores": [
        [
            0.98407,
            0.98699
        ]
    ],
    "f1-scores": [
        [
            0.98545,
            0.98563
        ]
    ]
}