{
    "hyperparameters": {
        "learning-rate": [
            0.001
        ],
        "model-name": "d4eb3dfc4085",
        "dataset-name": "d4eb3dfc4085",
        "test-size": 0.05,
        "optimizer": "Adam",
        "loss-function": "NLLLoss",
        "epochs": 18,
        "batch-size": 512,
        "init-learning-rate": 0.001,
        "cnn-parameters": [
            1,
            3,
            [
                64
            ]
        ],
        "hidden-size": 200,
        "rnn-layers": 2,
        "lr-schedule": [
            0.001,
            0.95,
            200
        ],
        "dropout-chance": 0.2,
        "embedding-size": 200,
        "augmentation": 0.2,
        "resume": false
    },
    "results": {
        "train-accuracy": [
            41.27037392138063,
            48.51869606903164,
            57.09012464046022,
            59.870565675934806,
            61.82166826462129,
            61.51006711409396,
            62.3633748801534,
            69.9137104506232,
            76.29434324065197,
            74.02684563758389,
            76.75455417066155,
            64.36241610738254,
            74.95206136145734,
            78.06327900287631,
            79.61649089165867,
            81.20325982742091,
            81.65388302972195,
            82.11888782358581
        ],
        "train-loss": [
            1.072157531249814,
            1.00596732046546,
            0.8592603977133588,
            0.7809259935123164,
            0.7334973157905951,
            0.7547074265596343,
            0.7373167857891176,
            0.6880015076660528,
            0.6197233621667071,
            0.623131176320518,
            0.6038023742233835,
            0.8153059366272717,
            0.6405439478595082,
            0.5575122084559464,
            0.5185383958060567,
            0.4872069329750247,
            0.4700398459667113,
            0.4567701947398302
        ],
        "validation-accuracy": [
            39.77567,
            57.20449,
            60.13805,
            56.85936,
            63.67558,
            61.94996,
            70.31924,
            71.78602,
            75.84124,
            75.40984,
            67.98965,
            66.52286,
            76.53149,
            77.65315,
            76.70406,
            78.86109,
            79.63762,
            79.29249
        ],
        "validation-loss": [
            1.040011465549469,
            0.9050583243370056,
            0.7800933321317037,
            0.7313352028528849,
            0.6970281998316447,
            0.7223015030225118,
            0.6724049846331278,
            0.6208838820457458,
            0.5893779993057251,
            0.5885438124338785,
            0.7278697490692139,
            0.8387912511825562,
            0.6016848087310791,
            0.524592270453771,
            0.5500831206639608,
            0.4886673291524251,
            0.5227874318758646,
            0.4884781340758006
        ]
    }
}