{
    "accuracy": 78.41,
    "precision-scores": [
        [
            0.53925,
            0.43865,
            0.779,
            0.8109,
            0.48234,
            0.76301,
            0.93305,
            0.80724,
            0.85382,
            0.9072,
            0.69532,
            0.94796,
            0.84536,
            0.97717,
            0.87878
        ]
    ],
    "recall-scores": [
        [
            0.49951,
            0.34527,
            0.8556,
            0.78021,
            0.47436,
            0.70428,
            0.93826,
            0.93418,
            0.78611,
            0.9213,
            0.74884,
            0.97119,
            0.92012,
            0.97556,
            0.90853
        ]
    ],
    "f1-scores": [
        [
            0.51862,
            0.3864,
            0.81551,
            0.79526,
            0.47832,
            0.73247,
            0.93565,
            0.86608,
            0.81857,
            0.9142,
            0.72109,
            0.95943,
            0.88116,
            0.97636,
            0.89341
        ]
    ]
}